<?xml version="1.0" encoding="UTF-8" standalone="yes"?>
<addon id="repository.lazyrobot" name="LazyRobot Repository" version="1.0.0" provider-name="zchira">
  <extension point="xbmc.addon.repository" name="LazyRobot Repository">
    <info compressed="false">https://github.com/zchira/zchiraKodi/raw/master/addons.xml</info>
    <checksum>https://github.com/zchira/zchiraKodi/raw/master/addons.xml.md</checksum>
    <datadir zip="true">https://github.com/zchira/zchiraKodi/raw/master/zips/</datadir>
  </extension>
  <extension point="xbmc.addon.metadata">
    <summary>Install Addons from LazyRobot Repository</summary>
    <description>Download and install addons from LazyRobot.</description>
    <disclaimer>
      The Software is provided "as is" without warranty of any kind, either express or implied, including without limitation any implied warranties of condition, uninterrupted use, merchantability, fitness for a particular purpose, or non-infringement.
      Zchira, LazyRobot and anyone associated with these addons will not be held responsible for the use or misuse of this software if considered illegal in your country.  Use the this software is at your own risk.
    </disclaimer>
    <platform>all</platform>
  </extension>
</addon>
