<addon id="plugin.video.partizan" name="Partizan TV" provider-name="zchira" version="0.3">
  <requires>
    <import addon="xbmc.python" version="2.1.0" />
    <import addon="plugin.video.youtube" version="4.4.4" />
  </requires>
  <extension library="addon.py" point="xbmc.python.pluginsource">
    <provides>video</provides>
  </extension>
  <extension point="xbmc.addon.metadata">
    <language>en</language>
    <platform>all</platform>
    <summary lang="en">Watch the live stream from Partizan TV</summary>
    <description lang="en">Partizan TV is the official TV of FC PArtizan as a part of JSD Partizan (Yugoslav Sports Association Partizan)
    </description>
    <email>zchira@gmail.com</email>
  </extension>
</addon>
